alpha,mean_chunks,MMR,MMR_values,SNU,ICE,Coverage,SNU_values,ICE_values,Coverage_values,P@5,nDCG@5,alpha_nDCG@5,Cov@5
0.0,0.96,0.02,"[0.0, 0.0, 0.0, 0.0, 0.0, 0.0, 0.0, 0.0, 0.0, 0.0, 0.2, 0.0, 0.0, 0.0, 0.0, 0.0, 0.0, 0.0, 0.0, 0.2, 0.0, 0.0, 0.0, 0.0, 0.0, 0.0, 0.0, 0.2, 0.0, 0.0, 0.0, 0.0, 0.0, 0.0, 0.0, 0.0, 0.0, 0.0, 0.0, 0.0, 0.0, 0.0, 0.2, 0.0, 0.2, 0.0, 0.0, 0.0, 0.0, 0.0]",0.15200000000000002,0.15200000000000002,0.15200000000000002,"[0.13333333333333333, 0.06666666666666667, 0.13333333333333333, 0.06666666666666667, 0.2, 0.06666666666666667, 0.06666666666666667, 0.06666666666666667, 0.13333333333333333, 0.06666666666666667, 0.26666666666666666, 0.0, 0.13333333333333333, 0.26666666666666666, 0.06666666666666667, 0.13333333333333333, 0.06666666666666667, 0.2, 0.06666666666666667, 0.06666666666666667, 0.3333333333333333, 0.13333333333333333, 0.13333333333333333, 0.2, 0.2, 0.13333333333333333, 0.2, 0.06666666666666667, 0.5333333333333333, 0.0, 0.06666666666666667, 0.0, 0.0, 0.4666666666666667, 0.0, 0.13333333333333333, 0.0, 0.06666666666666667, 0.2, 0.5333333333333333, 0.0, 0.2, 0.0, 0.06666666666666667, 0.4, 0.2, 0.4666666666666667, 0.13333333333333333, 0.26666666666666666, 0.2]","[0.13333333333333333, 0.06666666666666667, 0.13333333333333333, 0.06666666666666667, 0.2, 0.06666666666666667, 0.06666666666666667, 0.06666666666666667, 0.13333333333333333, 0.06666666666666667, 0.26666666666666666, 0.0, 0.13333333333333333, 0.26666666666666666, 0.06666666666666667, 0.13333333333333333, 0.06666666666666667, 0.2, 0.06666666666666667, 0.06666666666666667, 0.3333333333333333, 0.13333333333333333, 0.13333333333333333, 0.2, 0.2, 0.13333333333333333, 0.2, 0.06666666666666667, 0.5333333333333333, 0.0, 0.06666666666666667, 0.0, 0.0, 0.4666666666666667, 0.0, 0.13333333333333333, 0.0, 0.06666666666666667, 0.2, 0.5333333333333333, 0.0, 0.2, 0.0, 0.06666666666666667, 0.4, 0.2, 0.4666666666666667, 0.13333333333333333, 0.26666666666666666, 0.2]","[0.13333333333333333, 0.06666666666666667, 0.13333333333333333, 0.06666666666666667, 0.2, 0.06666666666666667, 0.06666666666666667, 0.06666666666666667, 0.13333333333333333, 0.06666666666666667, 0.26666666666666666, 0.0, 0.13333333333333333, 0.26666666666666666, 0.06666666666666667, 0.13333333333333333, 0.06666666666666667, 0.2, 0.06666666666666667, 0.06666666666666667, 0.3333333333333333, 0.13333333333333333, 0.13333333333333333, 0.2, 0.2, 0.13333333333333333, 0.2, 0.06666666666666667, 0.5333333333333333, 0.0, 0.06666666666666667, 0.0, 0.0, 0.4666666666666667, 0.0, 0.13333333333333333, 0.0, 0.06666666666666667, 0.2, 0.5333333333333333, 0.0, 0.2, 0.0, 0.06666666666666667, 0.4, 0.2, 0.4666666666666667, 0.13333333333333333, 0.26666666666666666, 0.2]",0.175,0.2968,0.198,0.1638
0.1,1.1,0.09600000000000002,"[0.0, 0.0, 0.2, 0.2, 0.2, 0.2, 0.0, 0.2, 0.0, 0.2, 0.0, 0.0, 0.2, 0.0, 0.2, 0.0, 0.0, 0.0, 0.2, 0.0, 0.2, 0.2, 0.0, 0.2, 0.2, 0.0, 0.0, 0.2, 0.2, 0.0, 0.2, 0.2, 0.2, 0.2, 0.0, 0.2, 0.0, 0.2, 0.2, 0.0, 0.0, 0.0, 0.0, 0.2, 0.0, 0.2, 0.0, 0.0, 0.0, 0.0]",0.20533333333333334,0.20533333333333334,0.20533333333333334,"[0.13333333333333333, 0.06666666666666667, 0.4, 0.3333333333333333, 0.13333333333333333, 0.3333333333333333, 0.06666666666666667, 0.3333333333333333, 0.2, 0.06666666666666667, 0.3333333333333333, 0.26666666666666666, 0.2, 0.13333333333333333, 0.0, 0.2, 0.06666666666666667, 0.26666666666666666, 0.13333333333333333, 0.2, 0.06666666666666667, 0.26666666666666666, 0.06666666666666667, 0.2, 0.3333333333333333, 0.13333333333333333, 0.13333333333333333, 0.06666666666666667, 0.3333333333333333, 0.13333333333333333, 0.3333333333333333, 0.26666666666666666, 0.2, 0.2, 0.13333333333333333, 0.26666666666666666, 0.4, 0.13333333333333333, 0.3333333333333333, 0.3333333333333333, 0.2, 0.3333333333333333, 0.4, 0.06666666666666667, 0.2, 0.13333333333333333, 0.0, 0.4, 0.26666666666666666, 0.06666666666666667]","[0.13333333333333333, 0.06666666666666667, 0.4, 0.3333333333333333, 0.13333333333333333, 0.3333333333333333, 0.06666666666666667, 0.3333333333333333, 0.2, 0.06666666666666667, 0.3333333333333333, 0.26666666666666666, 0.2, 0.13333333333333333, 0.0, 0.2, 0.06666666666666667, 0.26666666666666666, 0.13333333333333333, 0.2, 0.06666666666666667, 0.26666666666666666, 0.06666666666666667, 0.2, 0.3333333333333333, 0.13333333333333333, 0.13333333333333333, 0.06666666666666667, 0.3333333333333333, 0.13333333333333333, 0.3333333333333333, 0.26666666666666666, 0.2, 0.2, 0.13333333333333333, 0.26666666666666666, 0.4, 0.13333333333333333, 0.3333333333333333, 0.3333333333333333, 0.2, 0.3333333333333333, 0.4, 0.06666666666666667, 0.2, 0.13333333333333333, 0.0, 0.4, 0.26666666666666666, 0.06666666666666667]","[0.13333333333333333, 0.06666666666666667, 0.4, 0.3333333333333333, 0.13333333333333333, 0.3333333333333333, 0.06666666666666667, 0.3333333333333333, 0.2, 0.06666666666666667, 0.3333333333333333, 0.26666666666666666, 0.2, 0.13333333333333333, 0.0, 0.2, 0.06666666666666667, 0.26666666666666666, 0.13333333333333333, 0.2, 0.06666666666666667, 0.26666666666666666, 0.06666666666666667, 0.2, 0.3333333333333333, 0.13333333333333333, 0.13333333333333333, 0.06666666666666667, 0.3333333333333333, 0.13333333333333333, 0.3333333333333333, 0.26666666666666666, 0.2, 0.2, 0.13333333333333333, 0.26666666666666666, 0.4, 0.13333333333333333, 0.3333333333333333, 0.3333333333333333, 0.2, 0.3333333333333333, 0.4, 0.06666666666666667, 0.2, 0.13333333333333333, 0.0, 0.4, 0.26666666666666666, 0.06666666666666667]",0.376,0.5198,0.3756,0.3357
0.2,1.12,0.09200000000000001,"[0.2, 0.0, 0.2, 0.2, 0.2, 0.2, 0.0, 0.0, 0.0, 0.2, 0.2, 0.2, 0.0, 0.0, 0.2, 0.0, 0.0, 0.0, 0.2, 0.0, 0.0, 0.0, 0.0, 0.2, 0.0, 0.2, 0.0, 0.0, 0.2, 0.0, 0.2, 0.0, 0.0, 0.0, 0.0, 0.2, 0.2, 0.2, 0.2, 0.0, 0.2, 0.2, 0.0, 0.0, 0.0, 0.0, 0.2, 0.2, 0.2, 0.0]",0.18533333333333335,0.18533333333333335,0.18533333333333335,"[0.13333333333333333, 0.13333333333333333, 0.4, 0.3333333333333333, 0.13333333333333333, 0.3333333333333333, 0.06666666666666667, 0.26666666666666666, 0.2, 0.26666666666666666, 0.4666666666666667, 0.26666666666666666, 0.2, 0.06666666666666667, 0.0, 0.26666666666666666, 0.06666666666666667, 0.06666666666666667, 0.13333333333333333, 0.06666666666666667, 0.13333333333333333, 0.13333333333333333, 0.13333333333333333, 0.2, 0.06666666666666667, 0.26666666666666666, 0.13333333333333333, 0.2, 0.3333333333333333, 0.06666666666666667, 0.3333333333333333, 0.06666666666666667, 0.2, 0.4666666666666667, 0.13333333333333333, 0.26666666666666666, 0.4, 0.13333333333333333, 0.2, 0.13333333333333333, 0.0, 0.13333333333333333, 0.2, 0.13333333333333333, 0.2, 0.0, 0.06666666666666667, 0.2, 0.26666666666666666, 0.2]","[0.13333333333333333, 0.13333333333333333, 0.4, 0.3333333333333333, 0.13333333333333333, 0.3333333333333333, 0.06666666666666667, 0.26666666666666666, 0.2, 0.26666666666666666, 0.4666666666666667, 0.26666666666666666, 0.2, 0.06666666666666667, 0.0, 0.26666666666666666, 0.06666666666666667, 0.06666666666666667, 0.13333333333333333, 0.06666666666666667, 0.13333333333333333, 0.13333333333333333, 0.13333333333333333, 0.2, 0.06666666666666667, 0.26666666666666666, 0.13333333333333333, 0.2, 0.3333333333333333, 0.06666666666666667, 0.3333333333333333, 0.06666666666666667, 0.2, 0.4666666666666667, 0.13333333333333333, 0.26666666666666666, 0.4, 0.13333333333333333, 0.2, 0.13333333333333333, 0.0, 0.13333333333333333, 0.2, 0.13333333333333333, 0.2, 0.0, 0.06666666666666667, 0.2, 0.26666666666666666, 0.2]","[0.13333333333333333, 0.13333333333333333, 0.4, 0.3333333333333333, 0.13333333333333333, 0.3333333333333333, 0.06666666666666667, 0.26666666666666666, 0.2, 0.26666666666666666, 0.4666666666666667, 0.26666666666666666, 0.2, 0.06666666666666667, 0.0, 0.26666666666666666, 0.06666666666666667, 0.06666666666666667, 0.13333333333333333, 0.06666666666666667, 0.13333333333333333, 0.13333333333333333, 0.13333333333333333, 0.2, 0.06666666666666667, 0.26666666666666666, 0.13333333333333333, 0.2, 0.3333333333333333, 0.06666666666666667, 0.3333333333333333, 0.06666666666666667, 0.2, 0.4666666666666667, 0.13333333333333333, 0.26666666666666666, 0.4, 0.13333333333333333, 0.2, 0.13333333333333333, 0.0, 0.13333333333333333, 0.2, 0.13333333333333333, 0.2, 0.0, 0.06666666666666667, 0.2, 0.26666666666666666, 0.2]",0.508,0.6232,0.429,0.3943
0.3,1.26,0.068,"[0.0, 0.0, 0.2, 0.0, 0.0, 0.2, 0.2, 0.0, 0.2, 0.2, 0.0, 0.0, 0.2, 0.0, 0.0, 0.0, 0.0, 0.0, 0.0, 0.0, 0.0, 0.0, 0.0, 0.2, 0.0, 0.2, 0.2, 0.0, 0.0, 0.0, 0.0, 0.0, 0.0, 0.0, 0.0, 0.0, 0.2, 0.0, 0.2, 0.2, 0.2, 0.2, 0.0, 0.2, 0.0, 0.0, 0.4, 0.0, 0.0, 0.0]",0.20133333333333334,0.20133333333333334,0.20133333333333334,"[0.3333333333333333, 0.2, 0.4, 0.4, 0.06666666666666667, 0.06666666666666667, 0.0, 0.4, 0.4666666666666667, 0.0, 0.3333333333333333, 0.2, 0.2, 0.13333333333333333, 0.2, 0.13333333333333333, 0.06666666666666667, 0.06666666666666667, 0.13333333333333333, 0.13333333333333333, 0.13333333333333333, 0.4, 0.13333333333333333, 0.3333333333333333, 0.06666666666666667, 0.26666666666666666, 0.06666666666666667, 0.26666666666666666, 0.4666666666666667, 0.13333333333333333, 0.26666666666666666, 0.26666666666666666, 0.4666666666666667, 0.26666666666666666, 0.13333333333333333, 0.2, 0.4, 0.13333333333333333, 0.2, 0.0, 0.26666666666666666, 0.13333333333333333, 0.4, 0.13333333333333333, 0.26666666666666666, 0.06666666666666667, 0.06666666666666667, 0.06666666666666667, 0.13333333333333333, 0.0]","[0.3333333333333333, 0.2, 0.4, 0.4, 0.06666666666666667, 0.06666666666666667, 0.0, 0.4, 0.4666666666666667, 0.0, 0.3333333333333333, 0.2, 0.2, 0.13333333333333333, 0.2, 0.13333333333333333, 0.06666666666666667, 0.06666666666666667, 0.13333333333333333, 0.13333333333333333, 0.13333333333333333, 0.4, 0.13333333333333333, 0.3333333333333333, 0.06666666666666667, 0.26666666666666666, 0.06666666666666667, 0.26666666666666666, 0.4666666666666667, 0.13333333333333333, 0.26666666666666666, 0.26666666666666666, 0.4666666666666667, 0.26666666666666666, 0.13333333333333333, 0.2, 0.4, 0.13333333333333333, 0.2, 0.0, 0.26666666666666666, 0.13333333333333333, 0.4, 0.13333333333333333, 0.26666666666666666, 0.06666666666666667, 0.06666666666666667, 0.06666666666666667, 0.13333333333333333, 0.0]","[0.3333333333333333, 0.2, 0.4, 0.4, 0.06666666666666667, 0.06666666666666667, 0.0, 0.4, 0.4666666666666667, 0.0, 0.3333333333333333, 0.2, 0.2, 0.13333333333333333, 0.2, 0.13333333333333333, 0.06666666666666667, 0.06666666666666667, 0.13333333333333333, 0.13333333333333333, 0.13333333333333333, 0.4, 0.13333333333333333, 0.3333333333333333, 0.06666666666666667, 0.26666666666666666, 0.06666666666666667, 0.26666666666666666, 0.4666666666666667, 0.13333333333333333, 0.26666666666666666, 0.26666666666666666, 0.4666666666666667, 0.26666666666666666, 0.13333333333333333, 0.2, 0.4, 0.13333333333333333, 0.2, 0.0, 0.26666666666666666, 0.13333333333333333, 0.4, 0.13333333333333333, 0.26666666666666666, 0.06666666666666667, 0.06666666666666667, 0.06666666666666667, 0.13333333333333333, 0.0]",0.664,0.7413,0.4836,0.4408
0.4,1.64,0.09200000000000001,"[0.0, 0.2, 0.0, 0.2, 0.0, 0.0, 0.0, 0.0, 0.2, 0.2, 0.0, 0.0, 0.2, 0.2, 0.0, 0.0, 0.0, 0.0, 0.2, 0.2, 0.2, 0.2, 0.0, 0.2, 0.0, 0.4, 0.0, 0.0, 0.0, 0.0, 0.0, 0.2, 0.2, 0.0, 0.0, 0.0, 0.2, 0.2, 0.2, 0.4, 0.0, 0.0, 0.0, 0.2, 0.2, 0.0, 0.2, 0.0, 0.0, 0.0]",0.20266666666666666,0.192,0.21866666666666668,"[0.06666666666666667, 0.0, 0.13333333333333333, 0.2, 0.06666666666666667, 0.06666666666666667, 0.13333333333333333, 0.2, 0.13333333333333333, 0.13333333333333333, 0.3333333333333333, 0.2, 0.2, 0.0, 0.06666666666666667, 0.26666666666666666, 0.2, 0.2, 0.2, 0.26666666666666666, 0.06666666666666667, 0.2, 0.26666666666666666, 0.4, 0.06666666666666667, 0.2, 0.2, 0.2, 0.4666666666666667, 0.2, 0.3333333333333333, 0.26666666666666666, 0.4666666666666667, 0.2, 0.26666666666666666, 0.4, 0.4, 0.26666666666666666, 0.2, 0.26666666666666666, 0.0, 0.3333333333333333, 0.3333333333333333, 0.06666666666666667, 0.4, 0.13333333333333333, 0.06666666666666667, 0.2, 0.13333333333333333, 0.06666666666666667]","[0.06666666666666667, 0.0, 0.13333333333333333, 0.2, 0.06666666666666667, 0.06666666666666667, 0.13333333333333333, 0.1, 0.13333333333333333, 0.13333333333333333, 0.3333333333333333, 0.2, 0.2, 0.0, 0.06666666666666667, 0.26666666666666666, 0.2, 0.2, 0.2, 0.26666666666666666, 0.06666666666666667, 0.2, 0.26666666666666666, 0.4, 0.06666666666666667, 0.2, 0.2, 0.2, 0.19999999999999998, 0.2, 0.3333333333333333, 0.26666666666666666, 0.4666666666666667, 0.2, 0.26666666666666666, 0.4, 0.4, 0.26666666666666666, 0.2, 0.09999999999999999, 0.0, 0.3333333333333333, 0.3333333333333333, 0.06666666666666667, 0.4, 0.13333333333333333, 0.06666666666666667, 0.2, 0.13333333333333333, 0.06666666666666667]","[0.2, 0.0, 0.13333333333333333, 0.2, 0.06666666666666667, 0.06666666666666667, 0.13333333333333333, 0.4, 0.13333333333333333, 0.13333333333333333, 0.3333333333333333, 0.2, 0.2, 0.0, 0.06666666666666667, 0.26666666666666666, 0.2, 0.2, 0.2, 0.26666666666666666, 0.06666666666666667, 0.2, 0.26666666666666666, 0.4, 0.06666666666666667, 0.2, 0.2, 0.2, 0.6, 0.2, 0.3333333333333333, 0.26666666666666666, 0.4666666666666667, 0.2, 0.26666666666666666, 0.4, 0.4, 0.26666666666666666, 0.2, 0.6, 0.0, 0.3333333333333333, 0.3333333333333333, 0.06666666666666667, 0.4, 0.13333333333333333, 0.06666666666666667, 0.2, 0.13333333333333333, 0.06666666666666667]",0.788,0.8238,0.515,0.4734
0.5,2.1,0.136,"[0.0, 0.2, 0.2, 0.2, 0.2, 0.0, 0.4, 0.0, 0.0, 0.2, 0.2, 0.0, 0.4, 0.2, 0.2, 0.0, 0.2, 0.0, 0.0, 0.2, 0.0, 0.0, 0.0, 0.2, 0.2, 0.4, 0.0, 0.2, 0.0, 0.2, 0.0, 0.2, 0.2, 0.2, 0.2, 0.0, 0.0, 0.2, 0.2, 0.0, 0.2, 0.4, 0.0, 0.2, 0.4, 0.0, 0.0, 0.2, 0.2, 0.0]",0.2853333333333333,0.2361111111111111,0.31066666666666665,"[0.13333333333333333, 0.13333333333333333, 0.2, 0.13333333333333333, 0.3333333333333333, 0.26666666666666666, 0.0, 0.3333333333333333, 0.26666666666666666, 0.3333333333333333, 0.4666666666666667, 0.4, 0.2, 0.13333333333333333, 0.06666666666666667, 0.13333333333333333, 0.4666666666666667, 0.13333333333333333, 0.3333333333333333, 0.4, 0.3333333333333333, 0.26666666666666666, 0.2, 0.3333333333333333, 0.3333333333333333, 0.3333333333333333, 0.4, 0.2, 0.6666666666666666, 0.13333333333333333, 0.3333333333333333, 0.26666666666666666, 0.4, 0.5333333333333333, 0.4, 0.2, 0.4, 0.2, 0.4, 0.2, 0.2, 0.4666666666666667, 0.4666666666666667, 0.26666666666666666, 0.26666666666666666, 0.3333333333333333, 0.13333333333333333, 0.3333333333333333, 0.26666666666666666, 0.13333333333333333]","[0.13333333333333333, 0.13333333333333333, 0.2, 0.13333333333333333, 0.3333333333333333, 0.16666666666666666, 0.0, 0.2, 0.26666666666666666, 0.3333333333333333, 0.4666666666666667, 0.23333333333333334, 0.1111111111111111, 0.13333333333333333, 0.06666666666666667, 0.1, 0.4666666666666667, 0.13333333333333333, 0.3333333333333333, 0.4, 0.3333333333333333, 0.16666666666666666, 0.2, 0.3333333333333333, 0.3333333333333333, 0.2, 0.23333333333333334, 0.2, 0.36666666666666664, 0.13333333333333333, 0.2, 0.26666666666666666, 0.15, 0.3, 0.4, 0.2, 0.4, 0.2, 0.17777777777777778, 0.2, 0.2, 0.26666666666666666, 0.26666666666666666, 0.26666666666666666, 0.26666666666666666, 0.3333333333333333, 0.13333333333333333, 0.3333333333333333, 0.26666666666666666, 0.13333333333333333]","[0.13333333333333333, 0.13333333333333333, 0.2, 0.13333333333333333, 0.3333333333333333, 0.3333333333333333, 0.0, 0.4, 0.26666666666666666, 0.3333333333333333, 0.4666666666666667, 0.4666666666666667, 0.3333333333333333, 0.13333333333333333, 0.06666666666666667, 0.2, 0.4666666666666667, 0.13333333333333333, 0.3333333333333333, 0.4, 0.3333333333333333, 0.3333333333333333, 0.2, 0.3333333333333333, 0.3333333333333333, 0.4, 0.4666666666666667, 0.2, 0.7333333333333333, 0.13333333333333333, 0.4, 0.26666666666666666, 0.6, 0.6, 0.4, 0.2, 0.4, 0.2, 0.5333333333333333, 0.2, 0.2, 0.5333333333333333, 0.5333333333333333, 0.26666666666666666, 0.26666666666666666, 0.3333333333333333, 0.13333333333333333, 0.3333333333333333, 0.26666666666666666, 0.13333333333333333]",0.888,0.8987,0.5455,0.495
0.6,2.66,0.17999999999999997,"[0.2, 0.0, 0.2, 0.2, 0.2, 0.2, 0.0, 0.0, 0.2, 0.0, 0.2, 0.2, 0.2, 0.2, 0.2, 0.0, 0.0, 0.2, 0.6, 0.4, 0.4, 0.0, 0.2, 0.2, 0.2, 0.2, 0.2, 0.2, 0.0, 0.4, 0.2, 0.4, 0.2, 0.0, 0.0, 0.0, 0.2, 0.2, 0.2, 0.0, 0.0, 0.2, 0.2, 0.2, 0.4, 0.2, 0.2, 0.2, 0.2, 0.4]",0.2853333333333333,0.2218,0.3293333333333333,"[0.2, 0.3333333333333333, 0.5333333333333333, 0.4, 0.3333333333333333, 0.3333333333333333, 0.2, 0.2, 0.3333333333333333, 0.3333333333333333, 0.3333333333333333, 0.26666666666666666, 0.4, 0.13333333333333333, 0.06666666666666667, 0.26666666666666666, 0.4, 0.13333333333333333, 0.3333333333333333, 0.26666666666666666, 0.2, 0.26666666666666666, 0.06666666666666667, 0.4, 0.0, 0.3333333333333333, 0.0, 0.3333333333333333, 0.6, 0.4, 0.4, 0.3333333333333333, 0.26666666666666666, 0.26666666666666666, 0.26666666666666666, 0.3333333333333333, 0.4, 0.13333333333333333, 0.4, 0.4, 0.26666666666666666, 0.4666666666666667, 0.4, 0.2, 0.2, 0.3333333333333333, 0.06666666666666667, 0.2, 0.3333333333333333, 0.2]","[0.13333333333333333, 0.3333333333333333, 0.5333333333333333, 0.23333333333333334, 0.3333333333333333, 0.2, 0.2, 0.2, 0.3333333333333333, 0.3333333333333333, 0.3333333333333333, 0.26666666666666666, 0.23333333333333334, 0.13333333333333333, 0.06666666666666667, 0.13333333333333333, 0.17777777777777778, 0.13333333333333333, 0.2, 0.26666666666666666, 0.2, 0.26666666666666666, 0.06666666666666667, 0.23333333333333334, 0.0, 0.2, 0.03333333333333333, 0.3333333333333333, 0.2, 0.4, 0.4, 0.2, 0.11666666666666667, 0.10666666666666666, 0.26666666666666666, 0.3333333333333333, 0.17777777777777778, 0.1, 0.4, 0.17777777777777778, 0.26666666666666666, 0.19999999999999998, 0.23333333333333334, 0.2, 0.13333333333333333, 0.3333333333333333, 0.06666666666666667, 0.2, 0.3333333333333333, 0.13333333333333333]","[0.26666666666666666, 0.3333333333333333, 0.5333333333333333, 0.4666666666666667, 0.3333333333333333, 0.4, 0.2, 0.2, 0.3333333333333333, 0.3333333333333333, 0.3333333333333333, 0.26666666666666666, 0.4666666666666667, 0.13333333333333333, 0.06666666666666667, 0.4, 0.5333333333333333, 0.13333333333333333, 0.4, 0.26666666666666666, 0.2, 0.26666666666666666, 0.06666666666666667, 0.4666666666666667, 0.0, 0.4, 0.06666666666666667, 0.3333333333333333, 0.8, 0.4, 0.4, 0.4, 0.4666666666666667, 0.5333333333333333, 0.26666666666666666, 0.3333333333333333, 0.5333333333333333, 0.2, 0.4, 0.5333333333333333, 0.26666666666666666, 0.6, 0.4666666666666667, 0.2, 0.26666666666666666, 0.3333333333333333, 0.06666666666666667, 0.2, 0.3333333333333333, 0.26666666666666666]",0.92,0.923,0.564,0.495
0.7,3.74,0.23600000000000002,"[0.4, 0.2, 0.4, 0.4, 0.2, 0.2, 0.2, 0.2, 0.6, 0.4, 0.2, 0.2, 0.0, 0.4, 0.4, 0.4, 0.2, 0.2, 0.4, 0.2, 0.4, 0.0, 0.6, 0.2, 0.2, 0.4, 0.2, 0.0, 0.4, 0.2, 0.4, 0.2, 0.0, 0.2, 0.0, 0.2, 0.0, 0.4, 0.2, 0.0, 0.2, 0.2, 0.2, 0.2, 0.4, 0.2, 0.2, 0.2, 0.0, 0.0]",0.28,0.20905925925925928,0.4,"[0.2, 0.4666666666666667, 0.4666666666666667, 0.26666666666666666, 0.3333333333333333, 0.13333333333333333, 0.26666666666666666, 0.26666666666666666, 0.13333333333333333, 0.6, 0.4666666666666667, 0.26666666666666666, 0.4666666666666667, 0.26666666666666666, 0.2, 0.0, 0.3333333333333333, 0.26666666666666666, 0.3333333333333333, 0.13333333333333333, 0.6, 0.26666666666666666, 0.06666666666666667, 0.6666666666666666, 0.26666666666666666, 0.2, 0.3333333333333333, 0.4, 0.26666666666666666, 0.26666666666666666, 0.26666666666666666, 0.3333333333333333, 0.3333333333333333, 0.26666666666666666, 0.3333333333333333, 0.06666666666666667, 0.06666666666666667, 0.06666666666666667, 0.4666666666666667, 0.13333333333333333, 0.2, 0.3333333333333333, 0.06666666666666667, 0.2, 0.2, 0.2, 0.4666666666666667, 0.26666666666666666, 0.26666666666666666, 0.26666666666666666]","[0.09333333333333334, 0.4666666666666667, 0.26666666666666666, 0.11666666666666667, 0.2, 0.08888888888888889, 0.26666666666666666, 0.13333333333333333, 0.08888888888888889, 0.6, 0.26666666666666666, 0.16666666666666666, 0.19999999999999998, 0.26666666666666666, 0.1, 0.05555555555555555, 0.3333333333333333, 0.26666666666666666, 0.13333333333333333, 0.13333333333333333, 0.6, 0.16666666666666666, 0.06666666666666667, 0.6666666666666666, 0.26666666666666666, 0.1, 0.1111111111111111, 0.4, 0.08888888888888889, 0.26666666666666666, 0.16666666666666666, 0.3333333333333333, 0.0962962962962963, 0.16666666666666666, 0.2, 0.06666666666666667, 0.06666666666666667, 0.06666666666666667, 0.4666666666666667, 0.08, 0.1111111111111111, 0.2, 0.06666666666666667, 0.2, 0.1111111111111111, 0.1111111111111111, 0.26666666666666666, 0.16666666666666666, 0.26666666666666666, 0.26666666666666666]","[0.4666666666666667, 0.4666666666666667, 0.5333333333333333, 0.4666666666666667, 0.4, 0.26666666666666666, 0.26666666666666666, 0.4, 0.26666666666666666, 0.6, 0.5333333333333333, 0.3333333333333333, 0.6, 0.26666666666666666, 0.4, 0.3333333333333333, 0.3333333333333333, 0.26666666666666666, 0.5333333333333333, 0.13333333333333333, 0.6, 0.3333333333333333, 0.06666666666666667, 0.6666666666666666, 0.26666666666666666, 0.4, 0.6666666666666666, 0.4, 0.8, 0.26666666666666666, 0.3333333333333333, 0.3333333333333333, 0.8666666666666667, 0.3333333333333333, 0.4, 0.3333333333333333, 0.4666666666666667, 0.2, 0.4666666666666667, 0.4, 0.3333333333333333, 0.4, 0.5333333333333333, 0.2, 0.3333333333333333, 0.3333333333333333, 0.5333333333333333, 0.3333333333333333, 0.26666666666666666, 0.26666666666666666]",0.92,0.9242,0.5721,0.495
0.8,5.4,0.288,"[0.6, 0.2, 0.2, 0.4, 0.2, 0.2, 0.2, 0.2, 0.0, 0.2, 0.4, 0.6, 0.4, 0.6, 0.4, 0.2, 0.2, 0.0, 0.4, 0.2, 0.2, 0.6, 0.4, 0.4, 0.0, 0.4, 0.2, 0.0, 0.4, 0.2, 0.2, 0.2, 0.2, 0.2, 0.4, 0.4, 0.6, 0.4, 0.4, 0.2, 0.4, 0.2, 0.0, 0.0, 0.4, 0.4, 0.2, 0.6, 0.2, 0.2]",0.22933333333333333,0.1610030303030303,0.4733333333333333,"[0.13333333333333333, 0.2, -0.06666666666666667, 0.2, 0.3333333333333333, 0.4, 0.2, 0.06666666666666667, 0.2, 0.26666666666666666, -0.06666666666666667, 0.4, 0.26666666666666666, 0.3333333333333333, 0.2, -0.13333333333333333, 0.2, 0.2, 0.2, 0.0, 0.4, 0.26666666666666666, 0.4666666666666667, 0.6666666666666666, 0.06666666666666667, 0.2, -0.13333333333333333, 0.4666666666666667, 0.4, 0.2, 0.26666666666666666, 0.2, 0.3333333333333333, 0.4666666666666667, 0.4, -0.06666666666666667, 0.4666666666666667, -0.13333333333333333, 0.6, -0.3333333333333333, 0.26666666666666666, 0.06666666666666667, 0.06666666666666667, 0.5333333333333333, 0.06666666666666667, 0.26666666666666666, 0.4, 0.4, 0.2, 0.4666666666666667]","[0.08, 0.1, 0.05333333333333333, 0.08333333333333333, 0.15555555555555556, 0.15, 0.2, 0.06666666666666667, 0.09333333333333334, 0.16666666666666666, 0.05, 0.17777777777777778, 0.10666666666666666, 0.3333333333333333, 0.1111111111111111, 0.04666666666666667, 0.13333333333333333, 0.1111111111111111, 0.1, 0.05333333333333333, 0.4, 0.13333333333333333, 0.4666666666666667, 0.18666666666666668, 0.06666666666666667, 0.08888888888888889, 0.048484848484848485, 0.4666666666666667, 0.1142857142857143, 0.13333333333333333, 0.13333333333333333, 0.1, 0.12, 0.13333333333333333, 0.1142857142857143, 0.05333333333333333, 0.19999999999999998, 0.03809523809523809, 0.6, 0.041666666666666664, 0.11666666666666667, 0.06666666666666667, 0.06666666666666667, 0.3, 0.06666666666666667, 0.26666666666666666, 0.4, 0.17777777777777778, 0.1111111111111111, 0.4666666666666667]","[0.4, 0.4, 0.5333333333333333, 0.6666666666666666, 0.4666666666666667, 0.6, 0.2, 0.5333333333333333, 0.4666666666666667, 0.3333333333333333, 0.4, 0.5333333333333333, 0.5333333333333333, 0.3333333333333333, 0.3333333333333333, 0.4666666666666667, 0.26666666666666666, 0.3333333333333333, 0.4, 0.26666666666666666, 0.4, 0.4, 0.4666666666666667, 0.9333333333333333, 0.06666666666666667, 0.5333333333333333, 0.5333333333333333, 0.4666666666666667, 0.8, 0.26666666666666666, 0.4, 0.4, 0.6, 0.8, 0.8, 0.5333333333333333, 0.6, 0.26666666666666666, 0.6, 0.6666666666666666, 0.4666666666666667, 0.5333333333333333, 0.5333333333333333, 0.6, 0.5333333333333333, 0.26666666666666666, 0.4, 0.5333333333333333, 0.3333333333333333, 0.4666666666666667]",0.912,0.9181,0.5658,0.495
0.9,10.4,0.552,"[0.4, 0.2, 1.0, 0.6, 0.8, 0.6, 0.8, 0.6, 0.6, 0.8, 0.6, 0.6, 0.4, 0.6, 0.6, 0.6, 0.2, 0.2, 0.4, 0.4, 0.4, 0.4, 0.4, 1.0, 0.2, 0.8, 0.8, 0.4, 0.2, 0.6, 0.2, 0.4, 0.4, 1.0, 0.6, 0.4, 0.8, 0.8, 0.6, 0.2, 0.8, 1.0, 0.4, 0.4, 0.4, 0.4, 0.6, 0.6, 0.8, 0.6]",-0.2173333333333333,0.0668694318750154,0.6893333333333334,"[-0.2, 0.2, 0.13333333333333333, -1.0, 0.06666666666666667, 0.13333333333333333, 0.3333333333333333, -0.4666666666666667, -0.7333333333333333, -0.13333333333333333, -0.2, 0.3333333333333333, -0.06666666666666667, 0.3333333333333333, -0.2, -1.4666666666666666, -0.2, 0.26666666666666666, -0.6, 0.13333333333333333, 0.13333333333333333, -0.13333333333333333, 0.26666666666666666, -0.3333333333333333, 0.13333333333333333, 0.13333333333333333, -0.2, 0.0, -1.7333333333333334, 0.06666666666666667, -0.4666666666666667, 0.0, -0.9333333333333333, -0.4666666666666667, -0.9333333333333333, -0.8666666666666667, -0.7333333333333333, -0.13333333333333333, -0.06666666666666667, -0.8666666666666667, 0.06666666666666667, -0.6666666666666666, -0.6, 0.4666666666666667, -0.9333333333333333, 0.26666666666666666, 0.3333333333333333, 0.3333333333333333, 0.3333333333333333, 0.0]","[0.05185185185185185, 0.0787878787878788, 0.07272727272727274, 0.03111111111111111, 0.06666666666666667, 0.075, 0.2, 0.03859649122807017, 0.034666666666666665, 0.05128205128205128, 0.048888888888888885, 0.10476190476190475, 0.05777777777777778, 0.3333333333333333, 0.04615384615384615, 0.0202020202020202, 0.044444444444444446, 0.08666666666666667, 0.03333333333333333, 0.07407407407407407, 0.08333333333333333, 0.049999999999999996, 0.10666666666666666, 0.0456140350877193, 0.075, 0.07222222222222223, 0.047619047619047616, 0.06, 0.020512820512820513, 0.06666666666666667, 0.028571428571428574, 0.0606060606060606, 0.024999999999999998, 0.04126984126984127, 0.028205128205128202, 0.02608695652173913, 0.0303030303030303, 0.048484848484848485, 0.05714285714285715, 0.029333333333333333, 0.06666666666666667, 0.036111111111111115, 0.03768115942028986, 0.13333333333333333, 0.021212121212121213, 0.09999999999999999, 0.13333333333333333, 0.0962962962962963, 0.10476190476190475, 0.06111111111111111]","[0.9333333333333333, 0.8666666666666667, 0.8, 0.9333333333333333, 0.7333333333333333, 0.6, 0.4, 0.7333333333333333, 0.8666666666666667, 0.6666666666666666, 0.7333333333333333, 0.7333333333333333, 0.8666666666666667, 0.3333333333333333, 0.6, 0.6666666666666666, 0.5333333333333333, 0.8666666666666667, 0.6666666666666666, 0.6666666666666666, 0.3333333333333333, 0.6, 0.5333333333333333, 0.8666666666666667, 0.6, 0.8666666666666667, 0.6666666666666666, 0.6, 0.8, 0.6, 0.4, 0.6666666666666666, 0.6, 0.8666666666666667, 0.7333333333333333, 0.6, 0.6666666666666666, 0.5333333333333333, 0.8, 0.7333333333333333, 0.7333333333333333, 0.8666666666666667, 0.8666666666666667, 0.8, 0.4666666666666667, 0.6, 0.5333333333333333, 0.8666666666666667, 0.7333333333333333, 0.7333333333333333]",0.924,0.9246,0.5759,0.495
1.0,37.6,0.9880000000000001,"[1.0, 1.0, 1.0, 1.0, 1.0, 1.0, 0.8, 0.8, 1.0, 1.0, 1.0, 1.0, 1.0, 1.0, 1.0, 1.0, 0.8, 1.0, 1.0, 1.0, 1.0, 1.0, 1.0, 1.0, 1.0, 1.0, 1.0, 1.0, 1.0, 1.0, 1.0, 1.0, 1.0, 1.0, 1.0, 1.0, 1.0, 1.0, 1.0, 1.0, 1.0, 1.0, 1.0, 1.0, 1.0, 1.0, 1.0, 1.0, 1.0, 1.0]",-3.7893333333333334,0.01658127130533803,0.9373333333333334,"[-6.466666666666667, -3.4, -3.1333333333333333, -3.6666666666666665, -5.0, -2.466666666666667, -0.6666666666666666, -4.866666666666666, -5.133333333333334, -3.2, -3.6, -3.2666666666666666, -3.8, -0.06666666666666667, -4.466666666666667, -7.266666666666667, -4.266666666666667, -2.7333333333333334, -5.666666666666667, -1.7333333333333334, -2.6666666666666665, -2.8666666666666667, -1.3333333333333333, -4.266666666666667, -2.533333333333333, -3.2666666666666666, -5.333333333333333, -0.9333333333333333, -5.066666666666666, -0.7333333333333333, -3.3333333333333335, -2.2, -11.133333333333333, -6.933333333333334, -6.666666666666667, -4.8, -4.666666666666667, -1.7333333333333334, -3.8, -8.666666666666666, -2.933333333333333, -5.266666666666667, -8.8, -1.6, -3.0, -1.0666666666666667, -0.8, -3.1333333333333333, -2.6666666666666665, -2.4]","[0.008849557522123894, 0.014141414141414142, 0.015053763440860216, 0.014084507042253521, 0.01098901098901099, 0.017948717948717947, 0.038461538461538464, 0.00996168582375479, 0.010144927536231885, 0.014814814814814815, 0.01352657004830918, 0.013756613756613757, 0.0136986301369863, 0.05777777777777778, 0.012048192771084338, 0.008, 0.0125, 0.017543859649122806, 0.009900990099009901, 0.023809523809523808, 0.017857142857142856, 0.01694915254237288, 0.027777777777777776, 0.0125, 0.01761006289308176, 0.014583333333333334, 0.009824561403508772, 0.030952380952380953, 0.010869565217391304, 0.03333333333333333, 0.012698412698412698, 0.019444444444444445, 0.00546448087431694, 0.008333333333333333, 0.00760233918128655, 0.010077519379844961, 0.00963855421686747, 0.021666666666666667, 0.012962962962962963, 0.006436781609195402, 0.015819209039548022, 0.010526315789473684, 0.005936073059360731, 0.025, 0.013793103448275864, 0.03125, 0.03571428571428571, 0.015053763440860216, 0.016049382716049384, 0.0163265306122449]","[1.0, 0.9333333333333333, 0.9333333333333333, 1.0, 1.0, 0.9333333333333333, 1.0, 0.8666666666666667, 0.9333333333333333, 0.9333333333333333, 0.9333333333333333, 0.8666666666666667, 1.0, 0.8666666666666667, 1.0, 1.0, 1.0, 1.0, 1.0, 1.0, 1.0, 1.0, 1.0, 1.0, 0.9333333333333333, 0.9333333333333333, 0.9333333333333333, 0.8666666666666667, 1.0, 0.8, 0.8, 0.9333333333333333, 1.0, 1.0, 0.8666666666666667, 0.8666666666666667, 0.8, 0.8666666666666667, 0.9333333333333333, 0.9333333333333333, 0.9333333333333333, 1.0, 0.8666666666666667, 1.0, 0.8, 1.0, 1.0, 0.9333333333333333, 0.8666666666666667, 0.8]",0.928,0.928,0.5854,0.495
